cyclomatic_complexity,max_nesting_depth,naming_entropy,avg_function_length,has_docstrings,num_magic_numbers,num_try_except,readable
8.837346494374858,4,0.6407734585526338,35.9703046127934,0,4,1,0
2.0677733003998293,3,0.9051292933497657,13.636390342090426,1,1,2,1
5.034018521167692,3,0.7069137326603979,26.740887627854736,1,3,0,1
5.247005324679991,3,0.6020832795841216,30.0924678973957,1,3,0,1
6.388476854921867,8,0.29733798631542735,90.23827059997272,1,4,0,1
15.381195818165407,3,0.25801618240729035,41.53517915786442,1,9,0,0
6.352251271844298,3,0.29599903806239497,98.5804848749292,1,11,1,0
7.478979590347434,1,0.9743721975748555,6.228018331230362,1,2,0,1
4.155875599828924,2,0.5303024538574549,6.489844743791567,1,1,1,1
1.7926663208852869,1,0.8426976717230028,23.705575855224634,1,2,1,1
22.601581751229165,3,0.1284654933842346,55.21442629577545,0,8,1,0
6.8722866051215385,2,0.5857170883552714,14.738275055304847,0,3,2,0
1.8726387684228678,1,0.7267894999614171,25.18267958740772,1,0,1,1
11.486675062307512,6,0.34141797220802916,67.81059518951203,0,4,0,0
11.660038261163958,3,0.07228568576984218,79.11443642795777,1,13,2,0
18.3897391039638,5,0.5643100419622277,22.333591383259463,0,11,0,0
24.88278722442335,7,0.193284995350507,63.29905715470641,0,11,1,0
3.7930189270909116,1,0.9767675489257543,19.26157566066447,0,1,0,1
1.3833314717542193,2,0.9408078199389989,28.49000694041606,1,1,2,1
19.61301020478492,3,0.02475609538955753,24.458238856078758,0,3,2,0
6.6199741401860805,3,0.9168959754594137,18.704534136684053,1,2,0,1
6.202846852015704,3,0.4538289799397249,76.16660535075972,0,8,0,0
16.245936317558197,5,0.13969574540136748,60.591181206812564,0,8,0,0
24.152505690107603,6,0.027276647738362286,55.320313862494,0,11,2,0
4.76176922056546,3,0.5474542206336731,29.839293905067546,1,0,1,1
7.438989314889323,2,0.7970413902848562,16.339821158784595,1,0,0,0
9.01867377318113,4,0.0757106022876691,89.5167284016717,1,2,1,0
3.4286724132735937,3,0.5332638041054276,18.98759844583506,1,3,2,1
6.162508736768238,3,0.6153973269632659,28.75806868891292,1,1,0,1
14.007418725163703,3,0.3444807216639234,67.5309113182041,1,6,0,0
2.5722337605798735,3,0.8081572461164481,17.74860557187291,1,3,2,1
11.951430484779642,7,0.38530111156562014,69.4997585966085,0,5,0,0
18.29823448974436,8,0.09643421923818593,26.53438118930832,0,14,1,0
2.234708905543563,3,0.7983882099808448,21.425536521799835,1,0,2,1
4.488574409176358,1,0.7507878499589742,33.31334334105107,1,0,2,1
3.9324781465318353,3,0.9880934874940419,12.526709496023143,1,0,0,1
12.986318316186162,5,0.5654595913834979,57.05595490471364,1,2,2,0
8.048320266608348,3,0.24150523235791835,58.94625695529895,1,7,0,0
5.064118451946304,2,0.9000367160384339,23.50138122940328,1,3,0,1
5.425850015436713,1,0.9422916464605939,30.82396810746485,0,0,2,0
15.799142605611191,7,0.20743026838330067,91.8934161242131,1,4,0,0
5.644761604116974,1,0.6002764889226333,24.613602533733847,1,3,1,1
15.419159545440843,8,0.32661906993750583,31.95490068146354,0,7,1,0
7.727492222286186,2,0.8456059046932702,23.516587489833743,1,2,0,1
6.782488642320333,6,0.20475674204487554,56.69640925340306,0,8,1,0
3.902368866089166,3,0.8094957823492941,11.94072926778227,1,1,0,1
7.554269672704697,5,0.5952623556451827,44.19165922431378,1,8,1,0
7.978119762921631,2,0.887955766403653,34.797955892892396,1,2,2,1
4.515365072318698,2,0.5639684622558916,31.056710847483824,1,0,0,1
19.174893954859527,6,0.12687815697172364,88.25025375281894,0,13,0,0
1.4695353417189922,1,0.7176968230878678,20.49882775562826,1,0,0,1
6.249723292794244,1,0.6979807943738024,13.538011469140429,1,1,0,1
2.4693391516691,1,0.8346543045809396,20.51628283080588,0,1,0,1
7.286380026084997,3,0.9459465516282812,30.445444948398414,0,0,0,1
2.4359774833740504,3,0.653025731761394,25.555235398333416,0,3,2,0
2.334814044645666,2,0.7759385682105928,13.701320845339598,1,2,2,1
16.076044814247524,6,0.5210947905743483,48.70046096170191,0,13,1,0
11.11048621316047,4,0.3051871324746619,70.48936223137878,0,11,0,0
12.939630341485667,3,0.27472642196282293,77.19187504618309,0,7,1,0
13.944050810096712,5,0.6471645918366254,54.38757357945243,0,2,1,0
17.011886667212345,5,0.006820866740963888,44.51538692401944,0,11,2,0
15.313588553929955,6,0.5817924377533098,96.97703280927557,1,4,1,0
4.67073188529306,1,0.5374106025974865,10.15737673181313,0,3,2,1
14.939269658116604,8,0.5108514295357938,43.15490944240175,0,13,1,0
24.84316029646625,4,0.4016555139000937,58.37000773955665,0,9,0,0
4.917482319157525,1,0.9926519161436427,6.916393022927085,0,0,1,1
9.170210287146716,8,0.5680187210886619,20.389472612440258,1,13,2,0
2.273496913466898,1,0.5572157593061793,11.609572958659026,1,3,2,1
7.327327957709522,7,0.14734892384870038,28.036603974477472,0,2,2,0
7.622808234935429,3,0.5777857184346511,8.07101253749628,0,2,1,0
3.6131652139582706,3,0.6036364895338338,27.553123630489342,0,0,1,1
22.55948640890139,7,0.39674537195691295,52.55187451125023,0,11,2,0
22.361133802149006,5,0.015671625715633436,37.65592598282681,0,7,0,1
3.8611391976866747,2,0.5102604073646626,20.984811122041826,1,1,0,1
1.177704489622414,1,0.9133091727512443,30.820034653666553,1,1,1,1
2.0930681815633325,3,0.6827978505019834,25.847551393445226,0,0,1,1
6.0118056019317825,2,0.6768483432903669,5.316533673505695,1,0,2,1
13.059603575303228,5,0.4888836547033213,70.82119898872648,1,13,1,0
8.470490299730173,7,0.5886002446537857,23.324787861780685,0,6,1,0
18.899021778049235,3,0.54299214468476,36.54381408353153,1,14,2,0
2.6175235761164997,3,0.9491190319766176,6.056455205765705,1,1,2,1
5.703249205191099,1,0.888401666069944,27.38538915656817,1,3,1,1
17.81944154690664,8,0.12961753854304775,28.290938118463647,0,12,0,0
21.449611272687218,7,0.171906680833674,76.19242926929616,1,9,1,0
7.650493454836969,8,0.327305537982726,43.95661791474037,0,6,0,0
22.24028964545245,5,0.04427086607028965,41.50855303233374,0,3,0,0
5.569222754963123,3,0.9146571170628797,26.577032571324402,1,0,0,1
2.6672794673270857,1,0.85333776683885,13.14651365532457,1,3,2,1
1.6960897493154161,3,0.8086094029389503,14.486453676899902,1,1,2,1
2.7022053369961787,1,0.5779904318494666,30.349125609203043,0,1,2,1
8.496772545208252,4,0.009468650588331285,72.00905787353709,0,6,1,0
6.989875276744,2,0.8902780134436069,25.092633536547435,1,2,2,1
6.811539051968941,3,0.6518119690719202,17.07119152167403,0,3,2,1
3.7802847073291836,3,0.6558449142575207,13.940205715812663,1,2,1,1
5.676595955994523,1,0.501570453024061,23.76434181273984,0,2,1,1
2.4348900679107466,1,0.5871217008226898,9.645727222364638,0,2,0,0
3.052034111827093,3,0.9377028125609171,16.18999506700589,1,2,1,1
7.274350729647838,2,0.7208732458188536,11.271111121577668,1,1,1,1
24.262302231783476,3,0.53274620949277,29.26080369970597,1,14,2,0
15.99059071790034,7,0.5361549488666174,87.53487166592653,0,13,0,0
24.3164432230644,8,0.5120324223965405,31.144187096633146,0,6,0,0
1.1857254271167381,3,0.6409595214523646,18.50830431324772,0,0,1,1
11.236322661705191,4,0.5442041918441818,22.96906559698418,0,5,2,0
5.081290926787846,3,0.5953629937954473,18.284881111529725,1,1,2,1
3.9499718541474858,1,0.6735311842496975,30.418082298881714,1,2,2,1
7.113293685234878,4,0.40646447380775147,75.13451283420133,1,6,2,0
6.722104932169087,1,0.9958864404896247,33.56286954958772,1,3,1,1
3.392721461885132,1,0.8321008565358928,15.25597306394453,1,2,2,1
17.39175909795659,3,0.48249079981067083,85.09682166058464,0,2,0,0
18.004021847963067,3,0.15870504566549945,37.36825835759123,1,13,0,0
8.040497062572962,6,0.3887059262636873,63.36216557331038,0,13,1,0
6.226992542213363,8,0.2503166918349693,97.45670726903244,0,13,2,0
5.369042354943938,1,0.8825801644083832,5.2633163584378835,1,1,2,1
3.865881565338683,2,0.9702096036503735,16.463987264779632,1,3,2,1
4.864330265963861,3,0.5079115859984105,14.05428108988081,0,2,2,1
4.052885703947217,2,0.7613800707809348,6.121909712263919,0,2,1,1
3.061260316793424,1,0.7354336781115884,20.160957695177892,1,3,2,1
18.900704577171062,3,0.30838268085347775,97.19428812014607,0,9,1,0
6.345240559118325,2,0.779789427232671,24.03669403224574,0,0,2,1
1.980792230365168,1,0.8435195752912403,23.635589665822497,1,1,2,1
7.07927583128539,2,0.8290412923745951,8.622399076900404,1,3,0,1
4.4120183877465955,3,0.5585058624289732,34.308966383798676,1,3,1,1
11.065502951351911,6,0.646478292872919,60.21040924970028,0,12,0,0
7.020916220212934,8,0.13119719298644278,40.6222790563193,0,9,1,0
18.84322683388264,7,0.16776755395430448,76.10908482483532,0,11,2,0
1.1572851582408217,1,0.7080726838203033,29.391883916423602,1,1,2,1
2.8807415156946226,2,0.756925367288299,7.976887882839403,1,0,1,1
4.791439502626068,2,0.9516490071878553,17.859328376255952,1,2,0,1
21.279405390120377,8,0.5345204224469509,47.33396590547633,0,10,1,0
2.805213798032416,1,0.9089281528275148,11.454668648721666,1,3,1,1
1.975492518509769,3,0.7550741902281617,23.824036962982184,0,3,2,1
17.47791672583277,5,0.2932755744429704,77.09650069413658,1,3,0,0
15.540829278233034,8,0.21475445788265074,85.4516464902241,1,10,1,0
13.521667677807429,7,0.3829894993261061,73.38654797341547,1,12,0,0
2.2017550009381246,3,0.70138791661645,12.067646847340326,1,3,0,1
22.732084304809334,4,0.29351763129362385,81.24346957513622,0,14,1,0
1.1287347358322672,2,0.9661613791144388,16.973783013348985,0,2,0,1
7.400091645923493,2,0.8708013097258928,12.267714727543023,0,1,2,0
12.355187017545791,3,0.5177148530642275,85.53873696819362,0,4,2,1
5.035615328599775,1,0.5658267943966292,33.636615272525,1,1,2,1
2.918386544810442,2,0.9273517250465988,32.555648083115535,1,0,2,1
19.672287611228043,8,0.10794865401678391,37.04282558746114,0,14,0,0
5.559942718463049,3,0.9271303944986679,15.164390648145446,1,0,2,1
5.220625288572944,5,0.44897210482362104,26.703277803860928,1,13,1,0
13.32307996359523,8,0.47371104446677437,71.44487948320237,1,10,2,0
14.626883032706473,7,0.030532444213790866,81.00272302204277,0,5,1,0
1.958199410481651,3,0.801925491270139,24.211422399327233,1,0,1,1
7.300130492936736,2,0.7883070035648589,30.51512684985791,1,2,2,1
20.2057964624427,4,0.18583534695128157,22.507413508709337,0,6,2,0
7.742194114579981,4,0.4370533783191579,29.55591071714286,0,4,0,0
5.203618023035574,1,0.8928215517645637,24.607603101332597,0,3,1,1
9.30403744034475,3,0.036020327487458884,94.7536173474011,1,4,2,0
5.242415492877866,4,0.21524521795669738,36.522752317760514,0,3,0,0
7.400883621474718,2,0.9469926025234804,19.676817642497575,1,1,2,1
3.9313936742445117,3,0.6687401628374491,9.000334019491111,0,0,2,0
21.03074223765979,4,0.4244323992401606,61.67057427580089,0,7,2,0
4.632423936979863,3,0.7866115972247958,13.750803521647581,1,1,1,1
1.3287617674253853,3,0.6688246509996173,32.72928701157674,1,2,2,1
7.1947239735500705,8,0.6425509915797094,40.854012619247484,0,12,0,0
6.166235314984593,1,0.5126186729241321,13.677317084590046,1,3,2,1
14.087546691199218,7,0.6290717794715153,20.050201330276494,0,11,2,0
5.222064766264717,3,0.7600370305555753,24.91228215876161,1,2,0,1
2.7174437677692467,1,0.760976501739282,8.547151774164217,1,3,0,1
3.725069298293836,1,0.7944665374727821,33.61835637481328,1,2,1,1
8.000973293879685,7,0.3187655374705836,26.32608167813185,0,9,1,0
3.489709015254644,1,0.8117389152596481,22.316482190268506,1,0,1,1
19.747141547755994,4,0.03313367006458757,28.151340317724227,0,7,1,0
14.520362587375331,6,0.4013939247905025,21.273621381023887,0,8,0,0
12.517765702915387,3,0.13505922362509945,69.29463721700779,0,6,2,0
4.332352815393698,3,0.616027869850578,28.86980691984326,1,2,2,1
5.645698157538537,2,0.6326850558009878,7.324489213771576,1,1,2,1
20.700330876741138,3,0.2157912064312568,75.74038519483236,1,5,1,0
6.1280046804717525,3,0.5997526574648042,22.55890485002934,1,3,0,1
24.106693730078565,5,0.284083489197422,41.93312301378401,1,12,0,0
1.2182819454289926,1,0.6185423542586701,33.01933922433558,1,1,0,1
11.308137914960255,4,0.4208476614846049,81.05200461964489,0,6,2,0
5.165545514901784,2,0.9723328660855476,28.921830737233357,1,0,1,1
13.752062481107838,3,0.21119981636431684,50.80848983919363,0,6,0,0
4.474563730408654,3,0.96226123436595,27.50992327459868,1,3,1,1
21.817431588518453,4,0.6250502745800077,23.560723142093707,1,6,0,0
5.7685269792465,6,0.47465816733261423,43.13093747350088,0,10,1,0
23.03523984270847,4,0.31841580986653395,56.1028141742112,0,2,0,0
1.7461877719364027,1,0.8862581430397021,19.00634297369313,1,1,1,1
1.5259644721506613,2,0.8512441707942344,15.791595857308089,1,3,0,1
18.187078444115656,4,0.3979792477010171,88.25406498062404,0,12,0,0
4.468439213443389,3,0.8802121558412359,26.520882591091006,1,3,1,1
5.818816774994152,2,0.7564610823873829,18.306900364955084,1,3,1,1
4.043791370226224,2,0.8520416356606695,33.166309254268185,1,1,2,1
2.7248142326737477,2,0.9675860433632466,13.848374721270261,1,2,1,1
15.36816043890408,6,0.47551537771473706,48.91897198574497,0,7,0,0
8.003380016340833,5,0.24187813990710416,48.698161563687904,1,6,0,0
5.862875295980987,2,0.7378439090054794,25.673632714872745,1,0,1,1
2.905015960609739,1,0.8371998259069908,30.909231572514685,1,0,2,1
5.13161466808361,3,0.8814466677771821,34.904275420433265,0,1,1,1
5.833458012047686,6,0.6221780262875025,47.27732507699877,0,9,0,0
6.695840320916064,5,0.5785897347404941,84.43730264324694,0,13,0,0
7.421195028235699,2,0.6133705922034722,5.912476424239039,1,0,2,1
1.9577304164327298,3,0.8350162689037834,26.806307184193148,1,3,1,1
7.651661476745617,3,0.7341650929669068,31.22041013926147,1,3,0,1
4.12204041070569,3,0.8867763709324437,11.62137757833256,1,0,0,1
2.2959305018703375,2,0.5617004076027983,9.753441115697179,1,3,0,1
19.75016718918014,4,0.03846509671130218,78.08490608499795,0,14,1,0
12.065028170041284,8,0.4113216969299795,93.42181219955516,0,14,1,0
6.125574204866928,3,0.9264909976652957,14.34145819677753,1,1,2,1
6.645928035030148,2,0.9641917528181537,17.050906782793295,1,0,0,1
20.493070623623638,5,0.00720105918630129,62.2209652269158,0,8,0,0
18.227412221408287,4,0.4746127446519398,64.595277373088,1,6,2,0
6.944369560957235,1,0.8768670352140022,24.52499664684455,0,1,0,1
8.482186706681688,3,0.28213391445262187,81.85341533975671,0,4,2,0
6.967912994267946,8,0.08292061347139107,28.501272383391665,0,6,2,0
2.5484660927372156,1,0.7328412708811398,20.395696751294892,1,0,0,1
7.913676055976529,3,0.8866905238911249,26.461430515359655,1,3,1,1
7.608415377806293,1,0.9574829325389843,34.19782649091475,1,0,1,1
5.418899220618256,5,0.475071755159435,36.83677377412274,0,2,1,0
5.939026207609819,1,0.9611837423350514,5.286300592016799,1,2,1,1
24.35720069690061,4,0.38286305913759255,90.18477889544285,0,11,0,0
10.908895549548404,7,0.610132128640692,43.22895082933448,0,5,2,0
4.975616613868406,1,0.5999206356409698,29.616339432379615,1,0,2,1
7.408418083116293,3,0.5277625164045753,5.214262453047351,0,0,0,1
1.237621850100592,2,0.78423244925397,18.70191778657521,0,3,1,1
5.881941870727879,3,0.8257578416644462,14.876918460241836,0,2,2,0
3.0814430516078555,3,0.6053907246773441,6.574451302991827,1,1,0,1
17.300259360777332,4,0.14599158604867515,34.754815246741195,0,2,0,0
20.49267561275576,7,0.0449498190170258,59.801314149954685,0,11,1,0
17.878085070822614,5,0.5378741820631877,42.07590625257501,0,14,0,0
15.606042664983166,8,0.16545135289907978,78.48082793115864,0,14,2,1
7.034298556925194,2,0.6829429047784402,20.646529517329014,1,1,2,1
24.369775551887678,7,0.028154927615302767,73.12264264890541,0,13,0,0
3.233703312702789,2,0.8747130029904043,33.842436212709174,1,1,2,1
6.8024083190547415,3,0.7155562025485025,24.07732297129215,1,1,0,1
1.2590534430084483,3,0.5437743320138904,27.976052769875945,1,2,2,1
5.1738891493743715,3,0.6414005653352499,7.376394500251124,1,2,1,0
2.6100618610139215,2,0.7092911427657446,6.411751383800567,1,3,2,1
1.8439682004409517,1,0.646258212738126,5.583441511042436,1,2,1,1
21.23539576180275,7,0.08482796376433586,66.67409721152728,0,9,1,0
5.8740214311469785,2,0.6468879530871954,17.432251931554852,0,3,0,1
7.5619149273240005,3,0.20624856032331626,85.46404075515055,1,5,1,0
11.765350119889968,3,0.5927737297297616,74.66610901021839,0,7,2,0
1.4574943855925966,3,0.7986462101767346,13.707653161175882,1,0,2,1
9.492312236877039,6,0.4511113191687323,85.67353708904002,0,10,1,0
4.7764390466273605,2,0.5961549480168138,8.358037344043677,1,3,0,1
6.535062153872745,2,0.6478272708062427,23.285176730149495,1,2,1,1
3.231267520524489,1,0.8098079634724611,22.0529586299151,1,2,2,1
17.25879164989051,5,0.5902098080937332,41.40216241986739,0,14,2,0
23.86151675489415,3,0.15767587294798635,61.53655796827681,0,8,1,0
5.311042317276132,2,0.6752066250050988,12.526204151483316,1,1,1,1
2.6307163232754363,2,0.956465502387345,20.28969352411282,1,2,1,1
1.170805470895766,2,0.6698851211494219,32.265962189570104,1,3,2,1
7.090692117306509,2,0.7278095782186258,28.55569653268524,1,1,2,1
1.1488858759527099,2,0.8390569154771044,19.622189093024225,0,3,2,0
10.718135784783202,4,0.03958625651467066,45.722640707067264,0,13,0,0
21.318938779372345,8,0.020105072905817922,22.772056785121364,0,5,2,0
7.573473889590273,3,0.717822395228255,32.92995859137752,1,0,2,1
21.930286773805562,3,0.23507061164667895,93.17556482696457,0,5,0,0
23.37853067279109,4,0.08149397700201763,59.48349276715624,0,8,0,0
3.454982708161971,3,0.5711276198884077,31.713228440032573,1,2,0,1
6.370318022517888,3,0.6565816009148886,12.881628306839085,1,1,0,1
3.813516395264695,2,0.9247671077439507,19.167454968354754,0,2,0,1
4.359129342127362,2,0.5444948574281734,14.729866374109,1,0,0,1
19.569813543232264,5,0.07910194937233699,36.16647488692166,0,7,1,0
7.115739799304372,3,0.7705014494638313,29.709367842592727,0,3,1,1
7.8885842843950655,2,0.9924228719835471,26.270045339791388,1,2,1,1
8.548575389394138,7,0.40752948244366577,86.97295713560206,0,9,1,0
3.924367475171336,3,0.7264068571054584,29.617753679724444,1,3,2,1
3.9494990159394914,1,0.5992455373026746,16.76801124570641,1,2,0,1
6.1630761111222405,3,0.5824423882825692,18.426555653181858,1,0,2,1
2.6714400203781166,1,0.6199946819349788,26.900051632425843,1,3,0,1
1.7733187919197626,1,0.8550663202822686,15.732642898811427,1,2,0,1
7.634575469091239,3,0.10700333360372814,73.35725627897455,1,14,2,0
19.51959819970591,5,0.11776170305251306,36.05702743310338,0,14,1,0
3.074156843191931,1,0.7243894019973074,8.460884039171116,1,3,2,1
2.6352542573493696,1,0.9566163402107282,31.090439700309883,0,2,2,1
1.2946523274545332,1,0.5946967089424231,19.16679277268613,0,0,0,1
1.1251175431338967,3,0.5025132763049016,26.386471080342094,1,3,0,1
7.914056728152221,1,0.5300482051890851,16.7872800681468,0,3,0,1
3.994411936151036,3,0.952383170840059,12.761328422469035,1,2,1,1
3.690286530117772,1,0.8237582324216816,15.415765026866358,1,0,2,1
5.757530978851489,1,0.6365203096639034,28.825470359515506,1,0,2,1
2.5277772150554494,2,0.5885962505055955,23.756483750943147,1,1,1,1
7.649728287651577,3,0.6471333683185572,33.12919339873706,1,1,2,1
6.504415100908864,1,0.55739846362564,25.39114335730502,1,2,2,1
22.466458317216155,3,0.37633547026019437,79.23026375528158,1,8,0,0
17.72582707958496,7,0.009495848120773859,29.44048212954999,1,8,1,0
20.22243074086316,6,0.23424407003606096,80.52313337809926,0,14,0,0
7.613124156039872,2,0.932481302557601,28.646027896001183,1,1,1,1
14.231149488395797,3,0.25184334234965017,22.197645001038786,0,9,0,0
5.293879724474954,2,0.8585602842360968,21.02419088407092,1,0,2,1
2.1692376226445265,2,0.9280662495068717,25.650152346396943,1,3,1,1
19.529234302260097,5,0.1907976150981293,33.99071489558901,0,10,1,0
2.621701909684104,2,0.8787322227253589,11.3942635794181,1,2,0,1
6.983561991744319,5,0.21630756482451707,33.871685296489545,1,14,1,0
13.029886317225765,7,0.3623132268042217,77.98295799667088,1,3,2,0
5.254157564152014,3,0.553528589277093,12.101459175346093,1,1,2,1
9.080712692577977,5,0.4306691465302103,74.3977368071501,0,14,2,0
16.101698986045726,8,0.5250165829879617,36.22985407313877,0,10,0,0
2.235696224038558,3,0.9701104027856424,6.671205083457355,1,1,1,1
2.5434034634912273,1,0.8018984959645481,8.87671400308248,1,2,0,1
8.760494692308322,5,0.012314512193330475,73.25204005007677,0,3,2,0
6.457091314967273,3,0.9112473246451136,30.350367114673276,1,3,1,1
20.675835689707945,8,0.13545972285191554,93.85391908954118,0,4,2,0
16.084530282640333,4,0.08640322776018872,21.268147378550104,0,11,1,0
7.78371841098568,3,0.5584617677626957,8.112690306075692,1,2,1,1
7.18650119474398,2,0.8410765807808175,13.86266108941295,1,2,0,0
7.494265982366491,2,0.974949834123038,7.7167840280276145,1,2,1,1
7.964354758525047,2,0.5685447290393782,25.04009752229042,1,2,2,1
2.217266744536411,2,0.8669415654012707,8.999804490277254,1,3,1,1
3.773694132318611,3,0.8161190754339305,30.555377775166637,1,1,2,1
12.35881502604169,8,0.016001689496805083,71.96343668829284,0,7,0,0
5.872144326376546,1,0.6950601173441696,5.409850564118282,0,2,2,1
7.977761006648894,4,0.2705708074471398,56.79853357424807,0,8,1,0
6.710831874934325,3,0.5226245945094439,5.868329502301012,1,3,2,0
22.53301523656401,3,0.5926218199933042,49.5512931564091,0,10,2,0
24.926686752544946,5,0.026187814727452376,32.76319653507389,1,9,1,0
4.758820960253895,1,0.7907085527910103,15.07530461117948,1,3,2,1
5.150579543891922,2,0.5529266179389545,20.41599577139815,0,0,1,0
5.060603454864678,1,0.9365096970148581,28.899346070454143,1,2,0,1
1.640407861784284,2,0.7615715103485826,15.139446514095084,1,3,2,1
16.860886683735682,3,0.5224409034076458,46.5326275341614,0,4,0,0
12.830513963556587,3,0.05442120959947646,77.84457003682638,1,13,2,1
13.252436816972475,7,0.2508606821090028,60.62017214901314,0,10,2,0
7.221236559082841,1,0.9713295884833153,12.079898177277126,1,3,0,1
7.689560487608274,3,0.5413670198118354,9.306342678313037,1,3,2,1
7.0348933208581546,2,0.6269688859618481,10.562265511221629,1,1,2,1
12.109860208827147,3,0.09872601201880968,39.28514766853893,0,11,0,0
5.586693864473152,2,0.549368603441333,20.385886381309735,1,1,2,1
4.856001594263975,1,0.5378305519520554,30.34392743564438,0,2,1,1
1.6089073193798709,1,0.6807706993770193,7.388152309775169,1,1,2,1
3.859172491494891,1,0.5460839792362162,26.20868955480268,1,3,2,1
3.608819619086198,3,0.7925392211031015,24.630393789585728,1,3,2,1
6.297071889659367,3,0.4108124854745837,28.075330044511908,0,9,0,0
16.599675748562625,4,0.471972318574014,35.92090355321506,1,4,1,0
4.471130145551395,3,0.8917500404226284,18.503295760550888,1,0,1,1
16.213201888323418,7,0.09569759836683603,20.174731428579904,1,14,2,0
17.069753331929096,4,0.13427766054415755,71.09381088963242,0,14,0,0
18.529358744527244,7,0.20362320977739673,31.299495842124585,0,8,0,0
21.099779993615396,4,0.4134444732289467,93.65025093686207,1,3,1,0
6.958448398341381,2,0.9365544213821138,12.874550237017731,1,0,0,1
4.466025689097821,3,0.8947461492120261,22.4364643246815,1,2,2,1
4.3641060412865365,3,0.8740804131938428,26.545038426815413,1,1,2,1
6.541165582686624,8,0.5989837047398217,20.10144615323922,1,3,0,0
6.772766761476044,3,0.6231220804853,22.987917801321622,1,0,2,1
3.4346644553153514,1,0.7117739579959481,21.51053836516253,1,3,1,1
20.69793954222935,4,0.5167877114439853,41.01357882643876,0,12,2,0
4.960123747970537,3,0.5158892421786623,25.70369353046024,1,3,0,1
20.77229929344813,5,0.4973759919403548,94.1332443109496,1,12,1,0
7.150409904486106,1,0.6200353702437833,14.689690495306051,1,3,2,1
6.581982151248496,2,0.5721546003608016,31.670365703328784,0,3,1,1
7.9490505341256785,4,0.4170195683452464,83.11560991479413,1,11,0,0
11.56385507218623,4,0.016620369408327534,74.54283982307638,0,14,2,0
7.071059406718616,1,0.7617932426107265,13.003161908717718,0,2,2,1
5.958540837005243,1,0.6091299363468647,8.585926086412334,0,3,1,1
6.859093298545704,3,0.9947158828898157,11.909576740486328,1,3,2,1
5.882300231684986,1,0.7872183779361028,8.192352887085338,1,2,2,1
19.713262284783795,7,0.05356388171026633,28.386859776479305,0,2,2,0
24.966950227858995,6,0.3899791078696929,41.43542000854783,0,2,2,0
6.269016476903489,3,0.9488717832548627,27.418926726795704,1,2,0,1
17.85130399070383,7,0.35485029665085,65.25936208567211,0,11,2,0
7.166095314392499,1,0.5382199305197238,33.455609825417454,1,1,1,1
7.102904694216624,1,0.9479420905963298,26.334802625832985,1,2,0,1
1.204730981241914,3,0.8969646929299824,5.203896457583354,1,0,1,1
7.366723818467746,6,0.17790399749094113,52.51348328017102,0,13,1,0
1.9020890723141164,1,0.5258929443664084,20.42245762298556,1,0,1,1
3.345831979813993,1,0.7786552876571542,28.38095511005359,1,3,0,1
6.204557794041254,3,0.5780179056699885,20.674904266717654,1,0,0,1
2.1253192723381575,1,0.917295476297636,24.23074572906064,0,1,0,1
16.755387217243964,4,0.034952002580289195,96.47225379105458,0,3,2,0
6.8249392457041935,1,0.9564462223682877,17.153241637635702,1,3,1,1
4.552274136325853,2,0.7828440860705028,5.081244494613562,0,1,0,1
11.690225774838643,8,0.15832123181201074,60.254333364107566,0,13,1,0
5.523934170641295,8,0.19893065804870147,59.4624661870848,0,8,0,0
5.4838352778271044,7,0.04139509887663587,20.31679544097142,1,5,0,0
21.63394087351547,7,0.11513264372886513,60.09301851659923,0,10,0,0
10.461416199456249,7,0.0033407579306141966,50.70179663819274,0,10,1,0
2.8186250674491187,2,0.6378787022206407,34.59462204715189,1,1,2,1
10.974511471775461,4,0.05476599532168134,32.73272671950639,0,2,0,0
23.81358490230681,6,0.44372419327872936,48.3323357407596,1,8,0,0
6.458917766058005,2,0.8395995756005847,25.6156998940603,0,1,0,1
13.593136254778702,4,0.6133231936228651,51.2554829680759,0,8,2,0
6.327195317514196,1,0.710380600882963,17.52174872018301,1,2,1,1
21.838671335836175,7,0.18813658172933537,37.241028603821505,0,10,1,0
8.722028356925547,6,0.5090900455268412,37.685724225119344,0,3,1,0
3.3931051622708024,2,0.6559010684778843,25.314349000150077,0,2,1,1
5.4283532519376365,2,0.62488608122326,8.570639134794233,1,2,0,1
7.524196738570122,3,0.8270800771430492,7.067836344039459,0,2,2,1
1.7175680959347548,1,0.8096195160267908,19.506495523711074,1,0,0,1
7.560599410655158,3,0.6660548916540623,11.602701981418173,1,0,2,1
19.558786139475302,6,0.4062368364444229,20.844130945272042,0,4,1,0
14.929223047105996,6,0.4149278753232807,27.314101508936737,1,12,2,0
3.106744968627714,2,0.6119912729325405,7.68698072948932,1,2,0,1
5.957204620516971,1,0.6195712727172615,26.460923456866688,1,0,0,1
1.4714542102814019,1,0.7561501734435403,13.134267601417642,1,1,1,1
5.075193221233913,3,0.8867860508653602,27.809846642124132,1,2,0,1
17.204502989552825,7,0.0572989027888189,29.248448848920976,0,7,0,0
5.34640862437234,1,0.8466675768673533,5.2217570433287905,1,0,2,1
20.027501720580915,4,0.5333588905162172,22.977736365546335,0,3,0,0
7.100757643066634,2,0.6157400479564941,9.179584471341391,1,3,1,1
7.814422784241779,3,0.8406765066206744,30.9868109173603,1,0,1,1
7.782144986999841,2,0.9700915956260413,31.147576485872197,1,2,0,1
6.247562822200473,2,0.5233929224858842,17.550374224812742,1,0,1,1
1.9106036809144238,1,0.6598260276460313,18.331868553532416,0,2,2,1
10.23411367471812,6,0.31018005162167483,61.57480249203015,0,11,2,0
1.1721084152116106,3,0.9496301794623447,26.49818896880093,1,0,0,1
1.1548648607029808,1,0.9811307233045783,15.759840890793773,1,1,0,1
3.265271534046789,1,0.7220576232481661,13.033774235679013,1,2,2,1
10.43899452257262,4,0.6070128628500617,24.06827389086569,0,14,1,0
6.392851924654552,1,0.7658305118822415,7.744625551623762,1,2,0,1
13.9947968490108,3,0.3047134223294141,47.27582413140878,1,2,0,0
20.534211139103625,3,0.458663007639838,91.96102120770479,0,14,1,0
2.915386663971661,3,0.6084781229319398,24.334551845617817,1,0,0,0
14.751423873467687,7,0.09229626857885502,73.66919096015248,0,13,1,0
5.672272003665652,3,0.19775721148767725,73.15390292741424,0,10,1,0
4.159709170307728,2,0.5145775930110446,24.068959959201198,1,2,1,1
2.1453667483416843,2,0.9536244721782029,34.78830397348722,1,2,1,1
6.563666841249505,1,0.5781418547748881,28.33152467217652,1,3,1,1
5.855775580470421,1,0.6100443384356933,11.775188966701759,0,2,2,1
2.5453872895213228,3,0.7591380882238232,10.280742651234014,1,1,1,1
11.946866525176853,3,0.22736744017493477,68.54343166570695,0,12,2,0
22.99666691374545,8,0.5606227298110305,87.95759212669299,0,2,1,1
5.5815784999679465,1,0.6588473487735811,9.111584084844663,0,3,0,1
2.912816688987465,1,0.9843373027871786,30.866342699658144,1,1,2,1
7.656044935752872,2,0.6311714833904729,29.482770587427844,1,3,0,1
2.0574052424663014,2,0.6565250725315734,34.517190916914906,1,3,1,1
23.736449240661837,5,0.08598716597317486,50.71576071233242,0,8,1,0
7.605311441173193,1,0.5251072158452277,30.553710159816248,0,0,0,0
13.375866381483227,3,0.3787086199262376,31.32937959892938,0,12,1,0
5.469681633648599,1,0.6898083822258352,8.132461084943541,1,3,0,1
3.78316078573956,2,0.6582933799543256,22.069495829123685,1,2,1,1
2.91950641644069,2,0.6428497970223823,20.944377388454626,0,0,1,1
10.130601248884956,7,0.036505306437153516,44.235613431206716,0,8,2,0
18.08349202948149,7,0.166165410966985,79.56775807704608,1,3,0,0
8.961952655194803,8,0.3429163718496229,97.15457436543846,0,7,1,0
2.6096822412376035,2,0.8904819318222177,22.078938024043858,1,0,0,0
2.4917329281755833,2,0.6991138969790058,5.062295528002436,0,1,2,1
24.44010659263074,3,0.3006858056183495,75.8670377023522,0,5,0,0
17.170545453929332,7,0.021624181260082975,43.5035576523462,1,9,2,0
3.579684406066328,2,0.8290274919306104,26.666482960209386,1,2,0,1
7.281915697758667,7,0.2703098706151659,76.1725412157523,0,14,0,0
4.3124693468409,1,0.9715874114806424,21.406435213622988,1,1,2,1
7.777353995403052,3,0.6185722329888557,26.433790516573453,1,0,1,1
10.01933322680596,4,0.30810407286648933,76.25598278203896,0,2,1,0
22.012321156822757,8,0.29332329914752436,21.73600762204333,0,3,1,0
6.436177969542192,1,0.7502386579333591,18.4780447539691,1,0,0,1
15.467818227487328,8,0.3445405957836261,33.089319099404406,0,5,0,0
7.295377437384349,3,0.3041873006107282,65.24828221984347,0,13,1,0
6.3271679366009925,3,0.7737357449311593,8.73840157034982,1,3,0,1
5.383542251419907,1,0.6371923026012938,24.574278665216966,1,0,0,1
1.918714143776713,2,0.9507915026435338,6.581592990035034,1,2,1,1
1.2276832564387634,2,0.6076022398665963,18.385113134380894,1,3,2,1
15.870764346852921,4,0.43780527578540407,87.88852415190237,1,9,0,0
6.6345069149355655,5,0.08928513487963825,91.09136910692138,0,14,0,0
6.575761036833234,3,0.9142440669476205,18.652269065611534,0,3,0,1
4.370656460587851,3,0.8564229979304775,9.90661383590562,1,0,0,1
1.8211573227367612,1,0.8483475557183743,14.123715484041085,0,0,2,1
1.8763005454178532,2,0.6621729038475279,23.63318974730609,1,1,1,1
21.99950742961324,5,0.485135874803607,35.5570815345851,0,14,0,0
4.012141264296239,2,0.6054431138403941,31.99229235226615,1,3,1,1
14.245911220012143,4,0.5496747894802726,45.165132074189216,0,11,0,0
4.441161827190058,2,0.9102134101295101,18.159470553079537,1,3,2,1
18.019469343019082,4,0.0010684421230922948,74.8004869330543,0,2,1,0
15.908637388138109,6,0.24466972563845107,76.62025660843184,0,14,2,0
6.245462117637713,5,0.37099496262339776,48.79939350232463,1,8,0,0
6.582913704460317,1,0.8096717270684557,12.966727940372408,1,3,2,1
3.1725337124650164,2,0.7272015772399765,29.20320708946302,1,0,2,1
4.186541043572609,1,0.8900946342414975,12.554202981526444,0,0,0,1
1.0813437793567044,2,0.9988114111256927,29.712391638524014,1,1,0,1
20.725563987680662,8,0.33343657738358984,45.23331130069468,0,6,1,0
9.027275642719488,6,0.18290543841190596,74.60794238250443,0,14,0,0
4.3595718430198644,1,0.715491950960411,19.975593527999912,0,3,1,1
8.294127068645917,7,0.4893516263234341,38.99888338897598,0,3,2,0
3.0416380509651226,3,0.5990477583601448,12.953397512454464,1,3,2,1
20.1350301137727,3,0.5695251108752114,50.909450970944555,0,7,1,0
7.020856780324432,3,0.9435596586118492,34.971484943109346,1,0,0,1
9.097625483014252,3,0.1506968396145722,53.72089460082324,0,3,0,0
1.2773317774385,2,0.7484477592500245,8.096499466369988,0,2,2,1
4.363548630804803,3,0.9584710241004579,22.551055061559858,1,0,1,1
1.734511248927224,1,0.8881452387579739,19.656273993207712,0,0,2,1
9.775924227630785,4,0.04745233538475776,80.99556175512801,1,13,2,0
7.906638152870025,3,0.7827099838038711,25.00806252671651,1,3,0,1
1.9974688003105925,3,0.7211261382597796,13.014322096119479,1,2,1,0
4.492217074159493,3,0.8986055362893814,32.319949861516655,1,2,2,1
5.327090140226834,1,0.8621162738059747,18.07016198366871,1,2,0,1
5.917254793808728,3,0.845202860955536,8.872585854273854,1,1,2,1
4.9175407844083985,1,0.6702724177399484,27.268962702018328,0,3,2,1
1.0683959319342855,3,0.9024818651996273,24.293130578535507,1,1,0,0
3.2852291577079433,1,0.5261956477974306,14.472302074521114,1,1,0,1
4.6239815036929794,1,0.5798124507160836,23.645561721021455,1,0,1,1
7.109473999132612,7,0.4060315832844159,75.82915162817154,0,6,2,0
18.135602094485883,7,0.05275674590141444,41.46002871378486,0,10,1,0
1.232421761539566,3,0.6174971387673458,31.98237566501976,1,1,0,1
1.5500494800851452,1,0.9150754914989591,9.006026994822482,1,0,0,1
3.7784629334111726,1,0.9741257688950397,16.600893499623858,1,0,2,1
1.9290102783014225,1,0.6523011778870953,29.634272741610417,1,0,1,1
9.075329182553782,4,0.5703438822920598,82.06978316353013,0,8,1,0
15.466592623894826,3,0.5025692758181929,55.74269412065692,1,2,2,0
6.60410689376358,1,0.6388595436754219,20.20998860430042,1,3,2,1
20.857088380676785,7,0.02061961968042025,96.40183356893348,1,14,1,0
2.172378075813488,3,0.963458173165554,32.97044424901132,1,0,0,1
17.691648351006073,3,0.024503521194654317,44.89557902432074,0,7,0,0
5.455011746805457,2,0.7100020370407025,10.11803373864933,1,2,2,1
5.945330085408308,1,0.5048434413704839,18.10273453541225,0,1,1,0
1.2211030137794943,3,0.9289775454575286,18.92001284589279,1,2,1,1
7.553485723705829,1,0.8655786722274585,28.6728833494627,1,3,1,1
8.15909645670696,3,0.5086250938471909,70.35389688936803,1,13,0,0
4.789074347107493,3,0.8908077395981995,24.62661386087039,1,1,0,1
5.963423636156415,3,0.6568532560260326,34.945997229968526,1,2,1,1
11.335233541350533,3,0.5608995557821429,70.56979427592185,0,7,1,0
5.998608524926994,1,0.8488581537766464,11.69029470601199,1,3,2,1
6.612096581488543,1,0.6820563875052497,17.236878121146404,1,3,2,1
3.3761513477996425,3,0.7831075078763083,15.433472091466616,1,0,1,1
6.703775796225585,2,0.5031287355132351,5.649366840409508,1,0,1,0
1.5608039246927259,3,0.5309428508402376,7.753328194135275,1,0,0,1
7.263716592423694,2,0.7676839705908256,25.428598742107287,1,1,1,0
4.833146633076153,1,0.7830358232240826,31.37973390087682,1,2,2,1
6.721084389737456,2,0.8757264722296718,20.426810337979326,0,3,0,1
18.085851046499236,4,0.044621632996116954,77.44813903648179,0,9,2,0
8.042085664445457,6,0.6447279773658696,66.51631583428994,0,11,2,0
13.80646836736698,3,0.618407960286419,95.82156656257186,0,12,0,0
6.121126652287323,1,0.5465980597813473,27.553837621017692,1,2,2,1
1.571409874214127,3,0.7052478970302773,22.6509706765297,1,3,1,1
22.648327368146774,3,0.12019819335364382,33.893730956347184,0,4,2,0
2.729722638071025,1,0.6108909890961594,7.910546547112683,0,2,0,1
15.104135471532764,7,0.039926334018891244,71.64766981998469,0,3,0,0
7.102484966145412,3,0.6296942003715982,22.780881999286333,1,0,0,1
2.5344979115063104,3,0.5437956487029731,29.751059574284,1,1,2,1
7.8310567907339195,3,0.5449581224298512,30.749912953427746,1,2,1,0
3.358270542397748,3,0.5966247076170841,18.908662230303495,0,1,0,1
2.274825409820895,1,0.5252795939797694,28.528138979201508,0,1,1,1
8.3190979059157,5,0.47931646380276505,86.65533278283631,0,4,0,0
22.63855516609288,8,0.34907685458228327,54.14322977551355,0,14,1,0
4.487370015171972,2,0.6398729838845355,16.938810391422713,0,0,1,1
4.8875448565634185,2,0.6659991471188826,32.94436977790042,1,2,1,1
6.034412447905847,1,0.8313981371048609,15.146929019518545,1,3,0,0
2.599183189319091,3,0.9353169407417452,32.416288709653884,1,0,2,1
7.974337412397194,3,0.8795434662778192,34.43134586763397,1,2,2,1
7.823552135027482,1,0.8637646151125475,24.85432185723274,1,0,2,1
5.552279804428558,2,0.7421955928004247,29.506708685125048,1,3,1,1
2.396797156504016,2,0.8469027784837059,27.486366926632556,1,0,0,1
19.629929806807247,5,0.4666562491110662,93.49978438434012,0,9,1,0
1.505388862854231,1,0.6081252640932644,14.207932189436978,1,2,0,1
22.163541063143278,7,0.2120833985198152,63.90238874104093,0,5,1,0
2.8037802195784955,1,0.6481960034376417,15.291551975589519,1,2,0,1
4.238360697175214,1,0.9554013354849067,25.0080795561172,0,0,0,1
19.20485597246623,3,0.027780743940268394,96.81744579062597,0,3,0,0
6.090183488364156,2,0.8669526885009347,5.357539489347262,1,0,1,1
6.198945648399867,1,0.6732793799082738,9.19077117808816,1,0,2,1
21.432737954209433,4,0.11171973288835077,21.88735742246367,1,2,1,0
14.185303943464278,8,0.30974220604095426,53.09863180642638,0,10,1,1
3.597271340892219,3,0.5856474789108352,34.49194098844461,1,2,0,1
7.913546946152405,2,0.9136782774130727,19.819374474205638,1,3,0,1
1.2807643398873774,3,0.792419315844441,31.080569029770423,1,0,2,1
7.06922047285714,1,0.6687662329419095,27.10479367254512,1,1,2,1
5.050727860006754,2,0.901425604497773,20.0312071095381,0,3,0,1
4.070307934327133,1,0.6232599528189915,22.182815988652603,1,0,2,1
6.076803622905955,2,0.988016349300102,9.116814398506133,1,3,2,1
4.40668258997292,1,0.6724088038730849,33.12984381849776,0,1,0,1
7.113962666571624,2,0.6686554770756138,15.557893121953303,0,3,1,1
7.839439795219878,4,0.5219378458509175,78.82009730454348,0,8,2,0
11.958828231643333,4,0.6375159735194802,83.78694445199702,0,2,0,0
2.937794580645361,2,0.5555685736660062,15.017074145796618,1,3,2,1
5.146452300153536,2,0.8240525172670616,12.627774829667917,1,0,2,1
7.386543419316837,2,0.9375590222790235,23.931481798106617,1,1,0,1
17.418571349568623,6,0.6191359132949892,46.90765813724656,0,10,2,0
12.047498932193088,7,0.49044899533659936,66.93984951738743,0,4,2,0
21.8289510616952,5,0.2895444043272871,28.23240706736005,0,2,2,0
14.42574334796329,4,0.38494390956543634,78.410415022114,0,2,1,0
1.9209737958908186,3,0.5226473218065387,23.956404777406554,1,2,1,1
17.682842765914735,5,0.12627782115117092,82.752453248672,0,12,2,0
7.363227644659487,3,0.7675761668401752,22.47601332322208,1,1,0,1
2.257781762091694,2,0.5410118426057354,25.513646026696236,1,3,2,1
11.50208030863398,8,0.42557147652398797,78.78094490842756,0,7,2,0
7.799765658291477,1,0.9948782067046673,26.823571738583613,1,2,1,1
2.2668386689664284,1,0.5150106660745359,31.08849373196785,1,1,1,1
8.497628743519188,8,0.07684456784709892,26.042661532552607,1,8,1,0
4.4459449951362435,1,0.7523095123038478,17.034439084753927,1,3,2,1
2.730617520822239,1,0.5586400739002225,33.43388198043371,0,0,2,1
7.095249308907579,3,0.5845308892198582,16.897717231589894,1,3,0,1
10.585521769088208,6,0.1208749799123215,96.3538224256859,1,4,2,0
4.603721477507831,2,0.8808379381068313,20.763353790865388,1,2,2,1
3.51463358579836,3,0.7535412120301334,8.284729176633865,1,0,1,1
15.253095062901059,5,0.16959707677260924,77.09216595949941,0,5,1,1
2.1446671080951596,2,0.9925872775453374,34.9495626971287,0,2,1,0
3.737570756562325,1,0.8840027176566048,21.24087915188396,1,1,1,1
7.785886256347013,3,0.7171807490706088,13.52175167121287,1,0,1,1
11.078928024814477,4,0.5544021495054778,31.52025791358577,0,12,0,0
5.597156651789046,2,0.8093860385205025,33.99676755665429,0,2,0,1
23.766096368969652,3,0.45887155377700467,69.79007451785392,0,3,0,0
22.42408964526104,3,0.3273975960633553,54.47902981257524,0,5,1,0
20.321295530706053,6,0.538947916184691,43.05316183071611,0,9,1,0
20.768946865065974,6,0.33029211713237633,68.3136354929782,0,7,1,0
18.299698069519906,4,0.4031568802747929,23.96748065760689,0,8,0,1
10.20573715132006,7,0.31053238215969836,27.574479240383603,0,14,1,0
1.5144772313100887,3,0.5645872226215551,25.682514016139738,1,2,0,1
18.41464623811668,6,0.4991804857401905,59.93358666101294,0,3,1,0
16.2088126196088,3,0.4085681604207341,68.0485303349746,0,5,2,0
3.359022235019004,2,0.7618002735763059,14.174405338509919,1,2,0,1
6.802183561178266,2,0.6267920584981845,27.77716938970985,1,0,2,1
4.016212665632642,2,0.7354750293862573,23.59243563474698,1,0,0,1
22.291272190453398,7,0.48471648303311177,74.81611630158929,0,4,1,0
15.932964403755769,8,0.5368615974227469,98.55177120281965,1,10,1,0
12.608010979408192,4,0.45276491139363,75.28846960430809,0,14,2,0
24.536006570213186,6,0.6006474427496941,90.65544423388869,0,5,1,0
7.214411866526314,3,0.5332106572956806,95.8558805394454,0,11,0,0
13.450968566238892,5,0.365211463376187,58.94008386818524,1,14,1,1
5.840493503428106,7,0.43641394721842897,76.18599835357655,0,3,1,0
19.798082415338605,5,0.6021003799987774,88.15754028446734,0,7,0,0
4.322416130248698,3,0.6439156494258029,24.81164757187476,0,2,2,1
10.600746591009788,7,0.5361245161868899,40.91178532483159,1,7,2,0
22.166833535982416,5,0.4477268273334916,95.7278858222671,0,14,1,0
5.097480550777265,2,0.5675400731128803,19.916875850599872,1,0,0,1
7.07789896359281,2,0.5758877049255511,33.50921041208544,0,1,2,1
20.079238071935677,6,0.2768983876544783,55.92667141408907,0,2,2,0
1.7834373357840951,1,0.971964141738229,5.575036625749333,0,0,1,1
2.8882472806189274,2,0.8829145196174549,17.959681143903225,0,0,0,1
24.25620714148052,4,0.36685699722034326,71.99616785327112,0,7,2,0
4.7181866960072245,3,0.5006731354782818,33.618102575792264,1,2,1,1
7.556239846064731,2,0.6890503848937254,11.297541372441545,1,0,1,1
21.58789329717694,7,0.3419536369713119,63.206345753775665,0,13,1,0
10.630423968298599,4,0.49355205584763345,79.96914275102188,1,10,1,0
4.165393197984047,3,0.7320333447022523,11.531866990488005,1,0,2,1
7.537125122695334,1,0.9715309487034858,23.63679591440502,0,1,0,1
19.073719549215916,7,0.30635037847317875,48.78315307055437,0,11,1,0
15.813969532898206,7,0.30713503783273044,52.464967376021725,0,6,1,0
6.930689403908817,8,0.2458459349081741,97.63508391072779,1,13,2,0
2.038402406734622,1,0.6255400518325839,32.63431640542525,1,1,1,1
7.906410860711929,2,0.8252126244119322,34.28258072598715,1,1,1,1
14.375359309290117,6,0.12957456815626905,59.39214073634686,0,3,0,0
1.0345798665408674,1,0.5610037067884446,11.243181037891183,1,1,1,1
7.662682497962673,2,0.850691642779845,27.61160529686389,1,0,2,1
10.944756154172344,7,0.37426081080336754,42.15636944996879,0,8,0,0
10.998382230139693,5,0.5548754568117228,25.26385742361912,0,12,2,0
4.183178989437014,3,0.5917262005751147,22.217874083689466,1,0,0,1
4.6091722000547515,3,0.7970709313782287,15.523328690309363,0,1,0,1
4.421926061798441,1,0.7056872857062947,29.9808123904826,1,3,1,1
5.668049802822731,2,0.5631932112028335,19.802201012401856,1,0,1,1
18.35609366452813,5,0.3545687213216432,91.30511484851645,1,2,1,0
1.2098151291087458,3,0.8113661411464166,32.84042710188143,1,3,2,1
3.1555095911383364,3,0.9033787818945631,9.96260456385228,1,3,1,1
8.70660359057429,8,0.15053936609653432,61.94519506720968,0,7,1,1
6.579383243816572,6,0.5518005151594473,97.03663957189038,0,8,0,0
9.790203398190762,4,0.25822645734629884,68.61485128406488,1,8,1,0
20.891565574003806,6,0.1596079068639192,98.6709776368458,0,4,1,0
5.6934053345296665,5,0.5280120171605901,87.28858471510961,0,8,1,0
16.656136701669794,3,0.222845327123543,22.877260497073024,1,6,1,0
24.908750323826197,4,0.07246699709520826,72.67196763016335,1,9,0,0
22.113921876750787,4,0.37076616941236706,42.941350204630695,1,13,1,0
2.2400485261317016,2,0.6989420877785115,10.900016971709217,1,0,0,1
5.848381665583152,1,0.9029894504337919,33.418999982602,1,0,2,1
6.866807027536772,2,0.7960084213945314,11.168644630980232,1,2,1,1
7.6122995363181625,3,0.5829505121853931,23.410495631862307,0,2,1,1
5.7827361980275205,3,0.5123420786122923,11.692590035869246,1,2,1,1
6.8771456964671245,8,0.05261992847519728,89.92872944206644,0,14,0,0
5.324930681408497,3,0.7733481641481699,25.519253897454238,1,0,1,1
7.082334891351028,1,0.9199101761017442,10.706837924604127,0,0,1,1
4.994268226471808,1,0.5637428400701231,20.626573481020376,1,0,2,1
1.212709417877858,1,0.9001031738417895,19.07179233170357,1,2,0,1
16.435447040966444,5,0.1308214622874071,79.77889104316402,0,2,0,0
15.348927035100825,8,0.5786538041672511,36.75341366574834,1,12,2,0
13.608548206419805,5,0.0746891231852417,62.96667644720828,0,14,0,0
2.50972606678402,1,0.995726783921396,22.237465926556386,1,3,1,1
5.612198291628601,2,0.8634194155241188,20.44352704799403,1,2,1,1
20.477593114603128,3,0.3790330852443651,57.73590135129676,0,7,2,0
5.558630839290444,3,0.9972076337794367,8.216671826254624,1,3,0,1
1.746151212155935,1,0.8027406252629727,17.70446027747998,1,3,0,1
13.867600287583755,6,0.20412847449698113,92.62006401929904,0,8,0,0
17.14179157437508,7,0.3244793154468657,78.3816409258945,0,3,2,0
17.626151061839774,4,0.14077647065770657,78.83708228781465,0,13,1,0
16.83394324612651,8,0.5672068255658327,26.401461580614345,1,8,2,0
19.052675461710326,7,0.05662103814993213,48.757169748315484,0,2,1,0
9.748669367496126,5,0.3167998870868279,88.66955253757267,0,10,2,0
15.247275550915813,6,0.44942043738354887,38.60830897190048,0,14,1,0
7.084496056166953,8,0.17013821508741359,29.240469292517297,0,8,0,0
6.1691444647592855,1,0.6629117303852423,15.976978958534227,0,0,0,1
14.753341372425288,7,0.5391003475925434,37.635030791409115,0,14,0,0
3.828982251557231,2,0.7211832665512095,11.54909335434537,1,1,2,1
3.289232130942671,1,0.5212349546282666,6.64079523728803,1,0,2,1
5.673153698945093,2,0.8423130971324831,5.530101343863016,1,2,2,1
19.871878323531195,4,0.19450080279568938,24.90750995870944,0,11,0,0
15.125321189904055,7,0.280057878998476,77.16498768745251,0,14,1,0
6.584695542010442,2,0.5636847367239406,17.929511865446095,0,0,0,1
4.049083203690531,1,0.5631355685538659,20.31560783896534,1,2,0,1
6.7248395132251515,3,0.906717241162132,9.217757545200968,1,1,1,1
12.237061864102774,6,0.5414093050071297,46.91149787223275,0,7,1,0
14.449867100130271,3,0.6407493622307318,61.52173548628446,0,6,1,0
1.0403106234868509,3,0.7494855584568829,10.50270930493868,0,1,1,1
3.272100809301892,1,0.6591310206928629,5.205222444450906,0,3,0,1
3.565230744099785,1,0.9471325591282069,19.01053599565225,1,3,2,1
3.773208841264788,1,0.8224514526461779,25.56955247795598,1,0,0,1
11.626940142061015,7,0.026694312313763523,79.4882014048494,0,13,1,0
3.7199067088924203,1,0.6493914355271257,8.95420489690038,1,1,2,1
8.921954254767858,7,0.2898711043098662,45.38311870207242,0,6,2,0
17.215601421515366,6,0.013015099325921953,58.697106591257054,0,7,0,0
3.6127625414053806,2,0.6613632863633192,11.708378593779944,0,0,0,1
2.5908873908420604,1,0.7771783406081845,30.712908188297476,1,3,0,1
15.33145256891958,8,0.3792239873619828,22.071685619958814,0,9,2,0
5.110115983208416,3,0.30173256681888233,42.81693957226657,0,6,2,0
5.677489589885114,1,0.90763816554528,19.677165842833233,0,3,2,1
9.381376182037155,5,0.31219126821438126,20.128095003922304,0,5,1,0
4.244458306604006,3,0.9118032103990947,7.349050114386725,1,2,1,1
7.160515082613827,7,0.14243194203602058,90.51282658586001,0,10,0,0
7.043335547002776,3,0.7765559855291857,7.950347647706394,1,0,2,1
4.633572495953526,2,0.906129060495171,18.478236408699495,1,0,0,1
16.440972867386016,4,0.31504818600859985,52.26914440210826,0,7,2,0
15.253354519128328,5,0.017463975129207943,74.11777147939289,1,5,0,0
10.869776464162433,3,0.2473132255704733,35.19462129842873,0,3,1,0
23.635074388656328,8,0.06898163056914706,85.49974483073532,0,9,2,0
3.7917594662783034,3,0.6949498731455404,19.22228792323573,1,1,1,1
6.74185533591543,8,0.25725549177928,72.48010837224874,0,13,2,0
4.7352178270881495,3,0.5690077435100258,13.142925928281597,0,3,0,1
7.276767869532028,6,0.5236414422006549,79.80103764659815,0,8,2,0
6.3541828307948975,1,0.9148614331608123,9.876836177942453,1,3,1,1
6.690900171012654,1,0.988397186413793,15.485684035081942,1,1,2,1
6.0268615335854605,2,0.7023625319148293,14.471633893114658,1,2,0,1
7.688665871684543,3,0.5438249180973267,28.740887573686578,1,0,2,0
1.1276280787345314,2,0.5329058803452882,25.416819984165134,1,2,1,1
24.856336779981408,4,0.43337549440743334,86.0482739925612,1,2,0,0
1.052940124846995,2,0.73190712486384,18.7323145149864,1,0,1,1
5.532322999082221,1,0.660013658281196,7.866773118750057,1,0,2,1
7.286213842649908,1,0.7382306356196997,31.94439334460302,1,0,1,1
13.436563570776627,5,0.014355799445766832,60.243499804561715,1,6,2,0
7.4892418135741465,3,0.74451788765381,34.39410606142815,1,2,0,1
1.421871732026926,3,0.9297781984589684,31.05658492357513,1,3,1,1
19.280652889337127,3,0.2520018506453544,89.90357523359046,0,13,1,0
17.158104281814076,5,0.08993933057732352,60.14563004324088,0,8,2,0
1.7099457991445157,1,0.6823353381171683,22.38790182238022,1,2,1,1
4.401102314304279,3,0.8692529392552594,32.37815080649331,1,1,1,1
2.7974359740435557,2,0.8333085424396862,10.320540849792286,1,3,0,1
21.42396565100453,7,0.3200354972877568,42.95894395772346,0,8,2,0
3.1510297544840062,3,0.7863214265577922,29.16488138096733,1,1,2,1
17.72802740366814,8,0.5561082302333171,48.499991568302406,0,2,0,0
6.0227076288420145,5,0.2718892222107659,34.17720455030336,0,12,0,0
10.152144406674438,8,0.20111831666578886,75.60958527566139,0,9,2,0
5.272336483176429,3,0.9973420825982435,12.103927563685403,1,3,0,1
6.013054719562355,3,0.5462502189694819,7.518876903401801,1,1,0,1
2.9083680051347365,3,0.8901739313700793,28.10063685367486,1,2,0,1
7.289752761318102,8,0.11597046276627225,92.72500343173851,0,9,2,0
1.853202653358633,2,0.8837494152953527,34.65471453460414,0,2,0,1
14.124730179110841,8,0.5473694606142826,81.52861948058393,0,13,1,0
5.76782497775488,2,0.7460272446912003,6.852871588705991,1,2,1,0
2.2700684338693886,3,0.8982542598618541,27.03050106005887,1,1,2,1
13.378955803749509,6,0.12462854130367321,64.05523931765174,0,2,0,1
5.9633238320570285,1,0.6130165983943261,11.396117941674053,0,0,1,1
6.420153290665109,4,0.379547538019738,36.982201222841155,0,14,2,0
4.971185537402325,3,0.7617817897649279,11.112664575498313,1,1,1,1
2.795939485909546,1,0.6411312352064664,12.819849644988096,1,3,0,1
23.834514232378503,7,0.05477183800130321,40.671411829629605,0,14,2,0
4.384819527039474,1,0.6389225816032827,16.982968370925633,1,1,1,1
18.573399133451296,7,0.4422498689456394,91.96804758105887,0,11,2,0
4.851585795093833,3,0.8259504327812304,20.43685371044895,0,2,1,1
1.3038877299837341,2,0.9162085917051264,26.268928013713325,0,3,1,1
5.432059629158156,1,0.9877365141570109,32.18302786041278,1,2,0,1
17.721920928190844,6,0.5128648489562873,68.43555882442739,1,8,0,0
5.211282741024318,1,0.5333469407027245,6.630442950459711,1,1,1,1
6.734322015987532,1,0.5240461552060177,5.555937007829998,1,2,2,1
22.473971869326903,5,0.18620792953397935,62.433937626179414,0,2,2,0
19.479461109321875,5,0.33675015737841474,73.02285861949309,0,5,0,0
2.4843138793575865,2,0.7616065274854374,26.8243123398949,1,2,1,1
5.276866921956942,2,0.6358932580400646,28.595171405843665,0,1,0,1
3.877199288646933,1,0.6995833972555098,12.31124635713028,0,2,1,1
6.879029120067043,1,0.7992975537023355,14.176844397845597,1,3,1,1
7.300161863786078,2,0.8264748290689211,19.494039366964984,1,0,0,1
5.234132214618081,6,0.19907412655299958,72.14944749180847,0,13,2,0
13.44068520255278,5,0.1723028348200722,82.35864135076227,0,2,0,0
10.900814153083125,5,0.45252509269570845,81.37365747592486,0,12,1,0
2.923642248836953,1,0.5678441588961396,15.824189341340077,1,0,0,1
16.54399773469102,4,0.06026462702667543,42.86731589307276,0,8,2,0
3.96616777554134,3,0.5373192155397144,20.00101746708824,1,0,2,1
5.672849295040293,3,0.9538677165887564,8.834355330811482,0,0,1,1
1.6687471968426772,2,0.9982828281444912,22.467123464077588,1,1,0,1
11.863347063453165,7,0.5147293604672241,55.04893208266361,0,3,2,0
4.162373751160604,2,0.8852236105369948,6.032096253603747,1,0,0,1
18.04583297183879,7,0.3134781000530033,63.9461092148812,0,13,2,0
2.176099454214044,3,0.9707884263669668,30.767970479741827,1,2,1,1
18.849856533384504,4,0.11348340331067117,95.8290753599255,0,11,1,0
13.598621547802964,6,0.45982707885525603,25.544360481499897,0,11,0,1
2.5171786006354298,1,0.9620538579556397,31.730650489016345,1,1,1,1
10.50762348510837,3,0.5839309288589825,68.77512489996545,1,11,2,0
11.126269975564254,4,0.37874599526047886,40.469803264977024,0,3,1,0
5.493800503102862,2,0.651508753491015,12.463911912594437,0,2,2,1
5.249658252621465,2,0.9832737582760411,32.306499648999335,1,3,2,1
4.82688188899849,2,0.8140597656217858,9.63247272617639,1,2,1,1
2.623629672811828,2,0.9653212381759799,23.803115582516654,1,1,2,1
3.736341971338603,1,0.8380525129071759,5.864035416395561,1,3,2,1
23.332704716824146,5,0.31668780449924405,27.23970488766934,0,10,0,0
13.619704410265925,7,0.01609717042449828,59.80234528219622,0,6,0,0
11.377336366422776,4,0.16173236756295573,41.04640239393526,0,14,0,0
1.955078267897132,2,0.895007420779941,15.357936561711593,1,1,1,1
5.866011878333157,1,0.6589912756701675,10.182702687386296,0,0,0,1
3.830231376730045,2,0.789865583067096,23.659423702816223,1,0,2,1
3.9973973044793034,3,0.6728124967882008,31.459266654218222,0,3,1,1
6.023184359607233,3,0.9078847023175536,33.7725272684721,1,3,1,1
12.491057740402427,6,0.16736133449342114,55.041743708026345,0,13,1,0
7.938791955915319,3,0.5383614134264426,26.521183221889203,1,2,1,1
1.8987600261788766,2,0.5830262607407681,24.930180998170467,1,1,2,1
1.7287675456891645,1,0.5305523338098161,15.301333687237177,0,3,2,1
22.801940703676166,3,0.5564006986805493,61.693897993083,0,2,0,0
5.048708419044864,1,0.5531686486741136,25.693737419385982,1,0,1,1
2.919124665918641,1,0.557069984654816,33.36484581678501,1,1,0,1
1.5559355829229062,3,0.9705241300191885,23.96360365746954,1,2,2,1
1.5996077471750136,3,0.9363275360880277,18.058781725629025,1,2,1,1
7.259336122648828,3,0.726043298405683,20.75461682334885,1,1,2,1
